Year,Algeria,Angola,Central African Republic
1948,3.441455696,1.98019802,13.3
1949,14.14913958,2.912621359,14.66
1950,-3.718592965,12.26415094,13.243
1951,11.20389701,9.243697479,14.558
1952,-3.848560701,5.384615385,2.604
1953,-20.92417833,2.919708029,10.457
1954,-1.769547325,6.599987838,2.411
1955,29.11604525,2.626631862,-6.986
1956,-1.492537313,3.656320975,-3.934
1957,-16.83135705,6.172816266,0.645
1958,3.881188119,4.734228715,-0.203
1959,12.61913839,8.961134756,-2.848